cluster_id,n_members,files,montage_file,role,form_code,rotation,notes
0,338,25.3.3632Dl0001-1.pdf;25.3.3632Dl0001-2.pdf,clusters/cluster_000.png,,,,
1,404,25.3.3632Dl0001-1.pdf,clusters/cluster_001.png,,,,
2,34,25.3.3632Dl0001-1.pdf;25.3.3632Dl0001-2.pdf,clusters/cluster_002.png,,,,
3,461,25.3.3632Dl0001-1.pdf,clusters/cluster_003.png,,,,
4,93,25.3.3632Dl0001-1.pdf;25.3.3632Dl0001-2.pdf,clusters/cluster_004.png,,,,
5,474,25.3.3632Dl0001-1.pdf,clusters/cluster_005.png,,,,
6,285,25.3.3632Dl0001-1.pdf;25.3.3632Dl0001-2.pdf,clusters/cluster_006.png,,,,
7,182,25.3.3632Dl0001-1.pdf;25.3.3632Dl0001-2.pdf,clusters/cluster_007.png,,,,
8,43,25.3.3632Dl0001-1.pdf;25.3.3632Dl0001-2.pdf,clusters/cluster_008.png,,,,
9,514,25.3.3632Dl0001-1.pdf;25.3.3632Dl0001-2.pdf,clusters/cluster_009.png,,,,
10,354,25.3.3632Dl0001-1.pdf,clusters/cluster_010.png,,,,
11,20,25.3.3632Dl0001-1.pdf;25.3.3632Dl0001-2.pdf,clusters/cluster_011.png,,,,
12,107,25.3.3632Dl0001-1.pdf;25.3.3632Dl0001-2.pdf,clusters/cluster_012.png,,,,
13,213,25.3.3632Dl0001-1.pdf;25.3.3632Dl0001-2.pdf;CHEMI-TROL REPORTS 1969.pdf,clusters/cluster_013.png,,,,
14,338,25.3.3632Dl0001-2.pdf;CHEMI-TROL REPORTS 1969.pdf,clusters/cluster_014.png,,,,
15,76,25.3.3632Dl0001-1.pdf,clusters/cluster_015.png,,,,
16,39,25.3.3632Dl0001-1.pdf;25.3.3632Dl0001-2.pdf,clusters/cluster_016.png,,,,
17,52,25.3.3632Dl0001-1.pdf;25.3.3632Dl0001-2.pdf,clusters/cluster_017.png,,,,
18,354,25.3.3632Dl0001-2.pdf,clusters/cluster_018.png,,,,
19,239,25.3.3632Dl0001-1.pdf,clusters/cluster_019.png,,,,
20,42,25.3.3632Dl0001-1.pdf;25.3.3632Dl0001-2.pdf,clusters/cluster_020.png,,,,
21,10,25.3.3632Dl0001-1.pdf;25.3.3632Dl0001-2.pdf,clusters/cluster_021.png,,,,
22,72,25.3.3632Dl0001-1.pdf,clusters/cluster_022.png,,,,
23,44,25.3.3632Dl0001-1.pdf;25.3.3632Dl0001-2.pdf,clusters/cluster_023.png,,,,
24,72,25.3.3632Dl0001-1.pdf;25.3.3632Dl0001-2.pdf;CHEMI-TROL REPORTS 1969.pdf,clusters/cluster_024.png,,,,
25,703,25.3.3632Dl0001-1.pdf;25.3.3632Dl0001-2.pdf,clusters/cluster_025.png,,,,
26,111,25.3.3632Dl0001-1.pdf;25.3.3632Dl0001-2.pdf,clusters/cluster_026.png,,,,
27,200,25.3.3632Dl0001-1.pdf;25.3.3632Dl0001-2.pdf,clusters/cluster_027.png,,,,
28,554,25.3.3632Dl0001-1.pdf,clusters/cluster_028.png,,,,
29,338,25.3.3632Dl0001-2.pdf;CHEMI-TROL REPORTS 1969.pdf,clusters/cluster_029.png,,,,
30,48,25.3.3632Dl0001-1.pdf;25.3.3632Dl0001-2.pdf,clusters/cluster_030.png,,,,
31,33,25.3.3632Dl0001-1.pdf;25.3.3632Dl0001-2.pdf,clusters/cluster_031.png,,,,
32,61,25.3.3632Dl0001-1.pdf,clusters/cluster_032.png,,,,
33,116,25.3.3632Dl0001-2.pdf,clusters/cluster_033.png,,,,
34,67,25.3.3632Dl0001-1.pdf;25.3.3632Dl0001-2.pdf,clusters/cluster_034.png,,,,
35,108,25.3.3632Dl0001-2.pdf,clusters/cluster_035.png,,,,
36,50,25.3.3632Dl0001-1.pdf;25.3.3632Dl0001-2.pdf,clusters/cluster_036.png,,,,
37,184,25.3.3632Dl0001-1.pdf;25.3.3632Dl0001-2.pdf,clusters/cluster_037.png,,,,
38,73,25.3.3632Dl0001-1.pdf;25.3.3632Dl0001-2.pdf,clusters/cluster_038.png,,,,
39,70,25.3.3632Dl0001-1.pdf;25.3.3632Dl0001-2.pdf,clusters/cluster_039.png,,,,
40,57,25.3.3632Dl0001-1.pdf;25.3.3632Dl0001-2.pdf,clusters/cluster_040.png,,,,
41,173,25.3.3632Dl0001-1.pdf;25.3.3632Dl0001-2.pdf,clusters/cluster_041.png,,,,
42,199,25.3.3632Dl0001-1.pdf,clusters/cluster_042.png,,,,
43,340,25.3.3632Dl0001-1.pdf,clusters/cluster_043.png,,,,
44,89,25.3.3632Dl0001-2.pdf,clusters/cluster_044.png,,,,
45,279,25.3.3632Dl0001-1.pdf;25.3.3632Dl0001-2.pdf;CLEAVER BROOKS REPORTS 1971.pdf;COASTAL IRON WKS REPORTS 1981.pdf,clusters/cluster_045.png,,,,
46,301,25.3.3632Dl0001-1.pdf,clusters/cluster_046.png,,,,
47,127,25.3.3632Dl0001-1.pdf,clusters/cluster_047.png,,,,
48,214,25.3.3632Dl0001-1.pdf;25.3.3632Dl0001-2.pdf,clusters/cluster_048.png,,,,
49,339,25.3.3632Dl0001-1.pdf,clusters/cluster_049.png,,,,
50,10,25.3.3632Dl0001-1.pdf,clusters/cluster_050.png,,,,
51,27,25.3.3632Dl0001-1.pdf,clusters/cluster_051.png,,,,
52,214,25.3.3632Dl0001-2.pdf,clusters/cluster_052.png,,,,
53,315,25.3.3632Dl0001-1.pdf;25.3.3632Dl0001-2.pdf,clusters/cluster_053.png,,,,
54,319,25.3.3632Dl0001-1.pdf,clusters/cluster_054.png,,,,
55,52,25.3.3632Dl0001-1.pdf;25.3.3632Dl0001-2.pdf,clusters/cluster_055.png,,,,
56,329,25.3.3632Dl0001-1.pdf,clusters/cluster_056.png,,,,
57,100,25.3.3632Dl0001-1.pdf,clusters/cluster_057.png,,,,
58,56,25.3.3632Dl0001-1.pdf;25.3.3632Dl0001-2.pdf,clusters/cluster_058.png,,,,
59,118,25.3.3632Dl0001-1.pdf;25.3.3632Dl0001-2.pdf,clusters/cluster_059.png,,,,
60,48,25.3.3632Dl0001-2.pdf,clusters/cluster_060.png,,,,
61,186,25.3.3632Dl0001-1.pdf,clusters/cluster_061.png,,,,
62,108,25.3.3632Dl0001-2.pdf,clusters/cluster_062.png,,,,
63,64,25.3.3632Dl0001-1.pdf;25.3.3632Dl0001-2.pdf,clusters/cluster_063.png,,,,
64,118,25.3.3632Dl0001-2.pdf,clusters/cluster_064.png,,,,
65,24,25.3.3632Dl0001-1.pdf;25.3.3632Dl0001-2.pdf,clusters/cluster_065.png,,,,
66,219,25.3.3632Dl0001-1.pdf;25.3.3632Dl0001-2.pdf;CLEAVER BROOKS REPORTS 1971.pdf;COASTAL IRON WKS REPORTS 1981.pdf,clusters/cluster_066.png,,,,
67,62,25.3.3632Dl0001-1.pdf;25.3.3632Dl0001-2.pdf,clusters/cluster_067.png,,,,
68,38,25.3.3632Dl0001-1.pdf;25.3.3632Dl0001-2.pdf,clusters/cluster_068.png,,,,
69,38,25.3.3632Dl0001-1.pdf;25.3.3632Dl0001-2.pdf,clusters/cluster_069.png,,,,
70,30,25.3.3632Dl0001-1.pdf;25.3.3632Dl0001-2.pdf,clusters/cluster_070.png,,,,
71,17,COASTAL IRON WKS REPORTS 1981.pdf,clusters/cluster_071.png,,,,
72,402,25.3.3632Dl0001-1.pdf,clusters/cluster_072.png,,,,
73,229,25.3.3632Dl0001-1.pdf,clusters/cluster_073.png,,,,
74,238,25.3.3632Dl0001-1.pdf;25.3.3632Dl0001-2.pdf,clusters/cluster_074.png,,,,
75,340,25.3.3632Dl0001-1.pdf;25.3.3632Dl0001-2.pdf,clusters/cluster_075.png,,,,
76,227,25.3.3632Dl0001-1.pdf;25.3.3632Dl0001-2.pdf,clusters/cluster_076.png,,,,
77,503,25.3.3632Dl0001-1.pdf,clusters/cluster_077.png,,,,
78,215,25.3.3632Dl0001-1.pdf,clusters/cluster_078.png,,,,
79,60,25.3.3632Dl0001-1.pdf;25.3.3632Dl0001-2.pdf,clusters/cluster_079.png,,,,
